Company,Details,Time,Duration,Locations,JobDesc
torcai digital media private limited,https://www.timesjobs.com/job-detail/software-engineer-torcai-digital-media-private-limited-dehradun-0-to-3-yrs-jobid-Sw7K3PkWSkpzpSvf__PLUS__uAgZw==&source=srp,Posted few days ago,0 - 3 yrs,Dehradun,"testing  ,  system testing  ,  Software Engineer"
DBXento Systems Pvt. Ltd.,https://www.timesjobs.com/job-detail/software-engineer-dbxento-systems-pvt-ltd-pune-1-to-5-yrs-jobid-ni6Q0AtCtWNzpSvf__PLUS__uAgZw==&source=srp,Posted few days ago,1 - 5 yrs,Pune,"sql  ,  database  ,  software engineer  ,  php"
TandA HR Solutions,https://www.timesjobs.com/job-detail/software-engineer-tanda-hr-solutions-jaipur-bengaluru-bangalore-2-to-4-yrs-jobid-QJ6MUMzH9p9zpSvf__PLUS__uAgZw==&source=srp,Posted few days ago,2 - 4 yrs,"Jaipur,  Bengaluru / Bangalore","git  ,  software engineer  ,  team player"
NIPPON DATA SYSTEM,https://www.timesjobs.com/job-detail/software-engineer-nippon-data-system-delhi-delhi-ncr-0-to-3-yrs-jobid-dxG7y948AyNzpSvf__PLUS__uAgZw==&source=srp,Posted 5 days ago,0 - 3 yrs,"Delhi,  Delhi/NCR","c    ,  html5  ,  software engineer  ,  docker"
TRS Staffing Solutions,https://www.timesjobs.com/job-detail/software-engineer-trs-staffing-solutions-noida-greater-noida-4-to-7-yrs-jobid-I2KJFqCnXuFzpSvf__PLUS__uAgZw==&source=srp,Posted 6 days ago,4 - 7 yrs,Noida/Greater Noida,"c#  ,  windows  ,  user documentation  ,  .net  ,  software engineer"
PITCS,https://www.timesjobs.com/job-detail/software-engineer-pitcs-bengaluru-bangalore-3-to-6-yrs-jobid-R6kTkwSqyQlzpSvf__PLUS__uAgZw==&source=srp,Posted few days ago,3 - 6 yrs,Bengaluru / Bangalore,"c  ,  dcm  ,  git  ,  mks  ,  debugging  ,  software engineer"
Markem-Imaje,https://www.timesjobs.com/job-detail/software-engineer-markem-imaje-bengaluru-bangalore-2-to-5-yrs-jobid-Bxrc7IsoYkZzpSvf__PLUS__uAgZw==&source=srp,Posted today,2 - 5 yrs,Bengaluru / Bangalore,"itil process  ,   devops  ,   documentation  ,   communication  ,   it systems   ,  github  ,  software engineer"
Markem-Imaje,https://www.timesjobs.com/job-detail/software-engineer-markem-imaje-bengaluru-bangalore-2-to-5-yrs-jobid-v8JNtNW7Z3NzpSvf__PLUS__uAgZw==&source=srp,Posted today,2 - 5 yrs,Bengaluru / Bangalore,"itil process  ,   devops  ,   documentation  ,   communication  ,   it systems   ,  github  ,  software engineer"
Markem-Imaje,https://www.timesjobs.com/job-detail/software-engineer-markem-imaje-bengaluru-bangalore-0-to-3-yrs-jobid-JSGpLHoXZ6NzpSvf__PLUS__uAgZw==&source=srp,Posted today,0 - 3 yrs,Bengaluru / Bangalore,"software engineer  ,   environmental engineering  ,   sustainability  ,   developer  ,   engineer   ,  imaging"
Markem-Imaje,https://www.timesjobs.com/job-detail/software-engineer-markem-imaje-bengaluru-bangalore-0-to-3-yrs-jobid-AG9rHP57cAZzpSvf__PLUS__uAgZw==&source=srp,Posted today,0 - 3 yrs,Bengaluru / Bangalore,"software engineer  ,   environmental engineering  ,   sustainability  ,   developer  ,   engineer   ,  imaging"
Markem-Imaje,https://www.timesjobs.com/job-detail/software-engineer-markem-imaje-1-to-10-yrs-jobid-E4cAYkJRYmpzpSvf__PLUS__uAgZw==&source=srp,Posted today,1 - 10 yr,,"software engineer  ,   environmental engineering  ,   sustainability  ,   developer  ,   engineer   ,  information technology  ,  imaging"
Markem-Imaje,https://www.timesjobs.com/job-detail/software-engineer-markem-imaje-1-to-10-yrs-jobid-DmMAzGUQfwdzpSvf__PLUS__uAgZw==&source=srp,Posted today,1 - 10 yr,,"software engineer  ,   environmental engineering  ,   sustainability  ,   developer  ,   engineer   ,  information technology  ,  imaging"
TandA HR Solutions,https://www.timesjobs.com/job-detail/software-engineer-tanda-hr-solutions-jaipur-bengaluru-bangalore-2-to-4-yrs-jobid-O9JsHdTE5Z5zpSvf__PLUS__uAgZw==&source=srp,Posted few days ago,2 - 4 yrs,"Jaipur,  Bengaluru / Bangalore","git  ,  software engineer  ,  team player  ,   knowledge of redux"
xius india pvt limited,https://www.timesjobs.com/job-detail/software-engineer-xius-india-pvt-limited-hyderabad-secunderabad-2-to-4-yrs-jobid-UtH8qemjJ85zpSvf__PLUS__uAgZw==&source=srp,Posted 3 days ago,2 - 4 yrs,Hyderabad/Secunderabad,"c    ,  socket programming  ,  telecom domain  ,  linux  ,  software engineer  ,  multithreading"
TandA HR Solutions,https://www.timesjobs.com/job-detail/software-engineer-tanda-hr-solutions-delhi-delhi-ncr-3-to-6-yrs-jobid-__PLUS__m6hgNKqMiJzpSvf__PLUS__uAgZw==&source=srp,Posted few days ago,3 - 6 yrs,"Delhi,  Delhi/NCR","asp.net  ,  software engineer  ,  web api  ,  mvc"
TandA HR Solutions,https://www.timesjobs.com/job-detail/software-engineer-tanda-hr-solutions-delhi-delhi-ncr-3-to-6-yrs-jobid-OAfUkD4Sd__PLUS__RzpSvf__PLUS__uAgZw==&source=srp,Posted few days ago,3 - 6 yrs,"Delhi,  Delhi/NCR","asp.net  ,  software engineer  ,  web api  ,  mvc"
TandA HR Solutions,https://www.timesjobs.com/job-detail/software-engineer-tanda-hr-solutions-mohali-2-to-4-yrs-jobid-ZkyDBV56Gv9zpSvf__PLUS__uAgZw==&source=srp,Posted few days ago,2 - 4 yrs,Mohali,".net technologies  ,  .net  ,  software engineer  ,  business applications"
TandA HR Solutions,https://www.timesjobs.com/job-detail/software-engineer-tanda-hr-solutions-mohali-1-to-3-yrs-jobid-5Ex35fGZ56dzpSvf__PLUS__uAgZw==&source=srp,Posted few days ago,1 - 3 yrs,Mohali,"asp.net  ,  software engineer  ,  mvc  ,  jquery  ,  sql"
Nous Info Systems,https://www.timesjobs.com/job-detail/software-engineer-nous-info-systems-1-to-4-yrs-jobid-HRV5wqFRgzpzpSvf__PLUS__uAgZw==&source=srp,Posted few days ago,1 - 4 yrs,,"css  ,  vb.net  ,  windows  ,  javascript  ,  jquery  ,  ssrs  ,  software engineer  ,  html  ,  c#.net"
YsecIT softwares India Private Limited.,https://www.timesjobs.com/job-detail/software-engineer-ysecit-softwares-india-private-limited-bengaluru-bangalore-0-to-3-yrs-jobid-gW9gwelW6I5zpSvf__PLUS__uAgZw==&source=srp,Posted few days ago,0 - 3 yrs,Bengaluru / Bangalore,"c#  ,  javascript  ,  jquery  ,  system analysis  ,  asp.net  ,  software engineer  ,  rfid  ,  mvc"
Nous Info Systems,https://www.timesjobs.com/job-detail/software-engineer-nous-info-systems-5-to-8-yrs-jobid-Rz53x__PLUS__9NXINzpSvf__PLUS__uAgZw==&source=srp,Posted few days ago,5 - 8 yrs,,"css  ,  aicc  ,  sharepoint  ,  javascript  ,  xml  ,  .net  ,  software engineer  ,  mvc  ,  documentum"
Nous Info Systems,https://www.timesjobs.com/job-detail/software-engineer-nous-info-systems-5-to-8-yrs-jobid-vAx0f35ePy5zpSvf__PLUS__uAgZw==&source=srp,Posted few days ago,5 - 8 yrs,,"css  ,  aicc  ,  sharepoint  ,  javascript  ,  xml  ,  .net  ,  software engineer  ,  mvc  ,  documentum"
aarav solutions private limited,https://www.timesjobs.com/job-detail/software-engineer-aarav-solutions-private-limited-5-to-8-yrs-jobid-MdIgJg__SLASH__jp95zpSvf__PLUS__uAgZw==&source=srp,Posted few days ago,5 - 8 yrs,,"oracle  ,  weblogic  ,  informix  ,  linux  ,  software engineer  ,  technical skills  ,  unix"
